[
  {
    "id": "b98a5fea-c4d7-4b91-94d0-c9716b44a4a9",
    "data": [
      {
        "text": "drinks",
        "userDefined": false
      }
    ],
    "isTemplate": false,
    "count": 0,
    "lang": "en",
    "updated": 0
  },
  {
    "id": "5b1ad759-7437-4854-8745-4643ba4d89b2",
    "data": [
      {
        "text": "desert",
        "userDefined": false
      }
    ],
    "isTemplate": false,
    "count": 0,
    "lang": "en",
    "updated": 0
  },
  {
    "id": "5670f743-c0ea-4bbb-90cb-9793fbfc0aa7",
    "data": [
      {
        "text": "desert \u0026 drinks",
        "userDefined": false
      }
    ],
    "isTemplate": false,
    "count": 0,
    "lang": "en",
    "updated": 0
  }
]