[
  {
    "id": "7c6fdb05-9e58-4259-9080-d808d6755b17",
    "data": [
      {
        "text": "mendu vada",
        "userDefined": false
      }
    ],
    "isTemplate": false,
    "count": 0,
    "lang": "en",
    "updated": 0
  },
  {
    "id": "ef2c657d-72d6-46a5-9e0e-4d74f95cde19",
    "data": [
      {
        "text": "sada dosa",
        "userDefined": false
      }
    ],
    "isTemplate": false,
    "count": 0,
    "lang": "en",
    "updated": 0
  },
  {
    "id": "3d2f1b68-aefc-45bc-9293-86e25ef29386",
    "data": [
      {
        "text": "masala dosa",
        "userDefined": false
      }
    ],
    "isTemplate": false,
    "count": 0,
    "lang": "en",
    "updated": 0
  },
  {
    "id": "37a29e15-7a0c-45a3-a95f-8fe94f384f90",
    "data": [
      {
        "text": "fried rice",
        "userDefined": false
      }
    ],
    "isTemplate": false,
    "count": 0,
    "lang": "en",
    "updated": 0
  },
  {
    "id": "bc79019c-e48c-4778-aca0-03d0f70a7223",
    "data": [
      {
        "text": "bhajia",
        "userDefined": false
      }
    ],
    "isTemplate": false,
    "count": 0,
    "lang": "en",
    "updated": 0
  },
  {
    "id": "4d9a5283-24be-451f-91c4-719d428602b6",
    "data": [
      {
        "text": "vada pav",
        "meta": "@sys.ignore",
        "userDefined": false
      }
    ],
    "isTemplate": false,
    "count": 0,
    "lang": "en",
    "updated": 0
  },
  {
    "id": "1bec89fc-a3ea-4919-8fe8-1d4430318de8",
    "data": [
      {
        "text": "sandwich",
        "meta": "@sys.ignore",
        "userDefined": false
      }
    ],
    "isTemplate": false,
    "count": 0,
    "lang": "en",
    "updated": 0
  },
  {
    "id": "737290e6-7556-4410-bb7a-0000e777404b",
    "data": [
      {
        "text": "samosa",
        "userDefined": false
      }
    ],
    "isTemplate": false,
    "count": 0,
    "lang": "en",
    "updated": 0
  }
]